"state","date","cases","deaths","population","pop_density","Start date","End date","newcases","newdeaths","death_rate","month","per100k","newper100k","deathsper100k","newdeathsper100k","policy"
"California",2020-01-25,1,0,39557045,253.9065023,2020-03-19,2020-05-25,0,0,0,"01",0,0,0,0,"loose"
"California",2020-01-26,2,0,39557045,253.9065023,2020-03-19,2020-05-25,1,0,0,"01",0,0,0,0,"loose"
"California",2020-01-27,2,0,39557045,253.9065023,2020-03-19,2020-05-25,0,0,0,"01",0,0,0,0,"loose"
"California",2020-01-28,2,0,39557045,253.9065023,2020-03-19,2020-05-25,0,0,0,"01",0,0,0,0,"loose"
"California",2020-01-29,2,0,39557045,253.9065023,2020-03-19,2020-05-25,0,0,0,"01",0,0,0,0,"loose"
"California",2020-01-30,2,0,39557045,253.9065023,2020-03-19,2020-05-25,0,0,0,"01",0,0,0,0,"loose"
"California",2020-01-31,3,0,39557045,253.9065023,2020-03-19,2020-05-25,1,0,0,"01",0,0,0,0,"loose"
"California",2020-02-01,3,0,39557045,253.9065023,2020-03-19,2020-05-25,0,0,0,"02",0,0,0,0,"loose"
"California",2020-02-02,6,0,39557045,253.9065023,2020-03-19,2020-05-25,3,0,0,"02",0,0,0,0,"loose"
"California",2020-02-03,6,0,39557045,253.9065023,2020-03-19,2020-05-25,0,0,0,"02",0,0,0,0,"loose"
"California",2020-02-04,6,0,39557045,253.9065023,2020-03-19,2020-05-25,0,0,0,"02",0,0,0,0,"loose"
"California",2020-02-05,6,0,39557045,253.9065023,2020-03-19,2020-05-25,0,0,0,"02",0,0,0,0,"loose"
"California",2020-02-06,6,0,39557045,253.9065023,2020-03-19,2020-05-25,0,0,0,"02",0,0,0,0,"loose"
"California",2020-02-07,6,0,39557045,253.9065023,2020-03-19,2020-05-25,0,0,0,"02",0,0,0,0,"loose"
"California",2020-02-08,6,0,39557045,253.9065023,2020-03-19,2020-05-25,0,0,0,"02",0,0,0,0,"loose"
"California",2020-02-09,6,0,39557045,253.9065023,2020-03-19,2020-05-25,0,0,0,"02",0,0,0,0,"loose"
"California",2020-02-10,7,0,39557045,253.9065023,2020-03-19,2020-05-25,1,0,0,"02",0,0,0,0,"loose"
"California",2020-02-11,7,0,39557045,253.9065023,2020-03-19,2020-05-25,0,0,0,"02",0,0,0,0,"loose"
"California",2020-02-12,7,0,39557045,253.9065023,2020-03-19,2020-05-25,0,0,0,"02",0,0,0,0,"loose"
"California",2020-02-13,7,0,39557045,253.9065023,2020-03-19,2020-05-25,0,0,0,"02",0,0,0,0,"loose"
"California",2020-02-14,7,0,39557045,253.9065023,2020-03-19,2020-05-25,0,0,0,"02",0,0,0,0,"loose"
"California",2020-02-15,7,0,39557045,253.9065023,2020-03-19,2020-05-25,0,0,0,"02",0,0,0,0,"loose"
"California",2020-02-16,7,0,39557045,253.9065023,2020-03-19,2020-05-25,0,0,0,"02",0,0,0,0,"loose"
"California",2020-02-17,7,0,39557045,253.9065023,2020-03-19,2020-05-25,0,0,0,"02",0,0,0,0,"loose"
"California",2020-02-18,7,0,39557045,253.9065023,2020-03-19,2020-05-25,0,0,0,"02",0,0,0,0,"loose"
"California",2020-02-19,7,0,39557045,253.9065023,2020-03-19,2020-05-25,0,0,0,"02",0,0,0,0,"loose"
"California",2020-02-20,8,0,39557045,253.9065023,2020-03-19,2020-05-25,1,0,0,"02",0,0,0,0,"loose"
"California",2020-02-21,9,0,39557045,253.9065023,2020-03-19,2020-05-25,1,0,0,"02",0,0,0,0,"loose"
"California",2020-02-22,9,0,39557045,253.9065023,2020-03-19,2020-05-25,0,0,0,"02",0,0,0,0,"loose"
"California",2020-02-23,9,0,39557045,253.9065023,2020-03-19,2020-05-25,0,0,0,"02",0,0,0,0,"loose"
"California",2020-02-24,11,0,39557045,253.9065023,2020-03-19,2020-05-25,2,0,0,"02",0,0,0,0,"loose"
"California",2020-02-25,11,0,39557045,253.9065023,2020-03-19,2020-05-25,0,0,0,"02",0,0,0,0,"loose"
"California",2020-02-26,26,0,39557045,253.9065023,2020-03-19,2020-05-25,15,0,0,"02",0.1,0,0,0,"loose"
"California",2020-02-27,26,0,39557045,253.9065023,2020-03-19,2020-05-25,0,0,0,"02",0.1,0,0,0,"loose"
"California",2020-02-28,27,0,39557045,253.9065023,2020-03-19,2020-05-25,1,0,0,"02",0.1,0,0,0,"loose"
"California",2020-02-29,28,0,39557045,253.9065023,2020-03-19,2020-05-25,1,0,0,"02",0.1,0,0,0,"loose"
"California",2020-03-01,33,0,39557045,253.9065023,2020-03-19,2020-05-25,5,0,0,"03",0.1,0,0,0,"loose"
"California",2020-03-02,38,0,39557045,253.9065023,2020-03-19,2020-05-25,5,0,0,"03",0.1,0,0,0,"loose"
"California",2020-03-03,45,0,39557045,253.9065023,2020-03-19,2020-05-25,7,0,0,"03",0.1,0,0,0,"loose"
"California",2020-03-04,55,1,39557045,253.9065023,2020-03-19,2020-05-25,10,1,1.82,"03",0.1,0,0,0,"loose"
"California",2020-03-05,67,1,39557045,253.9065023,2020-03-19,2020-05-25,12,0,1.49,"03",0.2,0,0,0,"loose"
"California",2020-03-06,81,1,39557045,253.9065023,2020-03-19,2020-05-25,14,0,1.23,"03",0.2,0,0,0,"loose"
"California",2020-03-07,100,1,39557045,253.9065023,2020-03-19,2020-05-25,19,0,1,"03",0.3,0,0,0,"loose"
"California",2020-03-08,112,1,39557045,253.9065023,2020-03-19,2020-05-25,12,0,0.89,"03",0.3,0,0,0,"loose"
"California",2020-03-09,172,2,39557045,253.9065023,2020-03-19,2020-05-25,60,1,1.16,"03",0.4,0.2,0,0,"loose"
"California",2020-03-10,179,3,39557045,253.9065023,2020-03-19,2020-05-25,7,1,1.68,"03",0.5,0,0,0,"loose"
"California",2020-03-11,202,4,39557045,253.9065023,2020-03-19,2020-05-25,23,1,1.98,"03",0.5,0.1,0,0,"loose"
"California",2020-03-12,252,4,39557045,253.9065023,2020-03-19,2020-05-25,50,0,1.59,"03",0.6,0.1,0,0,"loose"
"California",2020-03-13,320,5,39557045,253.9065023,2020-03-19,2020-05-25,68,1,1.56,"03",0.8,0.2,0,0,"loose"
"California",2020-03-14,381,5,39557045,253.9065023,2020-03-19,2020-05-25,61,0,1.31,"03",1,0.2,0,0,"loose"
"California",2020-03-15,478,6,39557045,253.9065023,2020-03-19,2020-05-25,97,1,1.26,"03",1.2,0.2,0,0,"loose"
"California",2020-03-16,588,11,39557045,253.9065023,2020-03-19,2020-05-25,110,5,1.87,"03",1.5,0.3,0,0,"loose"
"California",2020-03-17,732,14,39557045,253.9065023,2020-03-19,2020-05-25,144,3,1.91,"03",1.9,0.4,0,0,"loose"
"California",2020-03-18,893,17,39557045,253.9065023,2020-03-19,2020-05-25,161,3,1.9,"03",2.3,0.4,0,0,"loose"
"California",2020-03-19,1067,19,39557045,253.9065023,2020-03-19,2020-05-25,174,2,1.78,"03",2.7,0.4,0,0,"first order"
"California",2020-03-20,1283,24,39557045,253.9065023,2020-03-19,2020-05-25,216,5,1.87,"03",3.2,0.5,0.1,0,"first order"
"California",2020-03-21,1544,28,39557045,253.9065023,2020-03-19,2020-05-25,261,4,1.81,"03",3.9,0.7,0.1,0,"first order"
"California",2020-03-22,1851,35,39557045,253.9065023,2020-03-19,2020-05-25,307,7,1.89,"03",4.7,0.8,0.1,0,"first order"
"California",2020-03-23,2240,39,39557045,253.9065023,2020-03-19,2020-05-25,389,4,1.74,"03",5.7,1,0.1,0,"first order"
"California",2020-03-24,2644,52,39557045,253.9065023,2020-03-19,2020-05-25,404,13,1.97,"03",6.7,1,0.1,0,"first order"
"California",2020-03-25,3183,68,39557045,253.9065023,2020-03-19,2020-05-25,539,16,2.14,"03",8,1.4,0.2,0,"first order"
"California",2020-03-26,4060,83,39557045,253.9065023,2020-03-19,2020-05-25,877,15,2.04,"03",10.3,2.2,0.2,0,"first order"
"California",2020-03-27,4915,104,39557045,253.9065023,2020-03-19,2020-05-25,855,21,2.12,"03",12.4,2.2,0.3,0.1,"first order"
"California",2020-03-28,5566,122,39557045,253.9065023,2020-03-19,2020-05-25,651,18,2.19,"03",14.1,1.6,0.3,0,"first order"
"California",2020-03-29,6321,132,39557045,253.9065023,2020-03-19,2020-05-25,755,10,2.09,"03",16,1.9,0.3,0,"first order"
"California",2020-03-30,7421,147,39557045,253.9065023,2020-03-19,2020-05-25,1100,15,1.98,"03",18.8,2.8,0.4,0,"first order"
"California",2020-03-31,8583,184,39557045,253.9065023,2020-03-19,2020-05-25,1162,37,2.14,"03",21.7,2.9,0.5,0.1,"first order"
"California",2020-04-01,9857,212,39557045,253.9065023,2020-03-19,2020-05-25,1274,28,2.15,"04",24.9,3.2,0.5,0.1,"first order"
"California",2020-04-02,11190,247,39557045,253.9065023,2020-03-19,2020-05-25,1333,35,2.21,"04",28.3,3.4,0.6,0.1,"first order"
"California",2020-04-03,12569,282,39557045,253.9065023,2020-03-19,2020-05-25,1379,35,2.24,"04",31.8,3.5,0.7,0.1,"first order"
"California",2020-04-04,13796,323,39557045,253.9065023,2020-03-19,2020-05-25,1227,41,2.34,"04",34.9,3.1,0.8,0.1,"first order"
"California",2020-04-05,15202,351,39557045,253.9065023,2020-03-19,2020-05-25,1406,28,2.31,"04",38.4,3.6,0.9,0.1,"first order"
"California",2020-04-06,16361,386,39557045,253.9065023,2020-03-19,2020-05-25,1159,35,2.36,"04",41.4,2.9,1,0.1,"first order"
"California",2020-04-07,17540,447,39557045,253.9065023,2020-03-19,2020-05-25,1179,61,2.55,"04",44.3,3,1.1,0.2,"first order"
"California",2020-04-08,19043,506,39557045,253.9065023,2020-03-19,2020-05-25,1503,59,2.66,"04",48.1,3.8,1.3,0.1,"first order"
"California",2020-04-09,20191,548,39557045,253.9065023,2020-03-19,2020-05-25,1148,42,2.71,"04",51,2.9,1.4,0.1,"first order"
"California",2020-04-10,21366,594,39557045,253.9065023,2020-03-19,2020-05-25,1175,46,2.78,"04",54,3,1.5,0.1,"first order"
"California",2020-04-11,22421,632,39557045,253.9065023,2020-03-19,2020-05-25,1055,38,2.82,"04",56.7,2.7,1.6,0.1,"first order"
"California",2020-04-12,23323,676,39557045,253.9065023,2020-03-19,2020-05-25,902,44,2.9,"04",59,2.3,1.7,0.1,"first order"
"California",2020-04-13,24334,725,39557045,253.9065023,2020-03-19,2020-05-25,1011,49,2.98,"04",61.5,2.6,1.8,0.1,"first order"
"California",2020-04-14,25758,778,39557045,253.9065023,2020-03-19,2020-05-25,1424,53,3.02,"04",65.1,3.6,2,0.1,"first order"
"California",2020-04-15,27107,885,39557045,253.9065023,2020-03-19,2020-05-25,1349,107,3.26,"04",68.5,3.4,2.2,0.3,"first order"
"California",2020-04-16,28142,971,39557045,253.9065023,2020-03-19,2020-05-25,1035,86,3.45,"04",71.1,2.6,2.5,0.2,"first order"
"California",2020-04-17,29398,1050,39557045,253.9065023,2020-03-19,2020-05-25,1256,79,3.57,"04",74.3,3.2,2.7,0.2,"first order"
"California",2020-04-18,30829,1146,39557045,253.9065023,2020-03-19,2020-05-25,1431,96,3.72,"04",77.9,3.6,2.9,0.2,"first order"
"California",2020-04-19,31544,1176,39557045,253.9065023,2020-03-19,2020-05-25,715,30,3.73,"04",79.7,1.8,3,0.1,"first order"
"California",2020-04-20,33862,1223,39557045,253.9065023,2020-03-19,2020-05-25,2318,47,3.61,"04",85.6,5.9,3.1,0.1,"first order"
"California",2020-04-21,35844,1316,39557045,253.9065023,2020-03-19,2020-05-25,1982,93,3.67,"04",90.6,5,3.3,0.2,"first order"
"California",2020-04-22,37573,1425,39557045,253.9065023,2020-03-19,2020-05-25,1729,109,3.79,"04",95,4.4,3.6,0.3,"first order"
"California",2020-04-23,39534,1548,39557045,253.9065023,2020-03-19,2020-05-25,1961,123,3.92,"04",99.9,5,3.9,0.3,"first order"
"California",2020-04-24,41368,1619,39557045,253.9065023,2020-03-19,2020-05-25,1834,71,3.91,"04",104.6,4.6,4.1,0.2,"first order"
"California",2020-04-25,42590,1692,39557045,253.9065023,2020-03-19,2020-05-25,1222,73,3.97,"04",107.7,3.1,4.3,0.2,"first order"
"California",2020-04-26,43691,1716,39557045,253.9065023,2020-03-19,2020-05-25,1101,24,3.93,"04",110.5,2.8,4.3,0.1,"first order"
"California",2020-04-27,45208,1800,39557045,253.9065023,2020-03-19,2020-05-25,1517,84,3.98,"04",114.3,3.8,4.6,0.2,"first order"
"California",2020-04-28,46570,1884,39557045,253.9065023,2020-03-19,2020-05-25,1362,84,4.05,"04",117.7,3.4,4.8,0.2,"first order"
"California",2020-04-29,48904,1961,39557045,253.9065023,2020-03-19,2020-05-25,2334,77,4.01,"04",123.6,5.9,5,0.2,"first order"
"California",2020-04-30,50470,2057,39557045,253.9065023,2020-03-19,2020-05-25,1566,96,4.08,"04",127.6,4,5.2,0.2,"first order"
"California",2020-05-01,52318,2147,39557045,253.9065023,2020-03-19,2020-05-25,1848,90,4.1,"05",132.3,4.7,5.4,0.2,"first order"
"California",2020-05-02,53753,2213,39557045,253.9065023,2020-03-19,2020-05-25,1435,66,4.12,"05",135.9,3.6,5.6,0.2,"first order"
"California",2020-05-03,55072,2235,39557045,253.9065023,2020-03-19,2020-05-25,1319,22,4.06,"05",139.2,3.3,5.7,0.1,"first order"
"California",2020-05-04,56333,2297,39557045,253.9065023,2020-03-19,2020-05-25,1261,62,4.08,"05",142.4,3.2,5.8,0.2,"first order"
"California",2020-05-05,58848,2386,39557045,253.9065023,2020-03-19,2020-05-25,2515,89,4.05,"05",148.8,6.4,6,0.2,"first order"
"California",2020-05-06,60787,2478,39557045,253.9065023,2020-03-19,2020-05-25,1939,92,4.08,"05",153.7,4.9,6.3,0.2,"first order"
"California",2020-05-07,62481,2561,39557045,253.9065023,2020-03-19,2020-05-25,1694,83,4.1,"05",158,4.3,6.5,0.2,"first order"
"California",2020-05-08,64616,2650,39557045,253.9065023,2020-03-19,2020-05-25,2135,89,4.1,"05",163.3,5.4,6.7,0.2,"first order"
"California",2020-05-09,66824,2732,39557045,253.9065023,2020-03-19,2020-05-25,2208,82,4.09,"05",168.9,5.6,6.9,0.2,"first order"
"California",2020-05-10,68051,2769,39557045,253.9065023,2020-03-19,2020-05-25,1227,37,4.07,"05",172,3.1,7,0.1,"first order"
"California",2020-05-11,69514,2820,39557045,253.9065023,2020-03-19,2020-05-25,1463,51,4.06,"05",175.7,3.7,7.1,0.1,"first order"
"California",2020-05-12,71150,2902,39557045,253.9065023,2020-03-19,2020-05-25,1636,82,4.08,"05",179.9,4.1,7.3,0.2,"first order"
"California",2020-05-13,73218,3014,39557045,253.9065023,2020-03-19,2020-05-25,2068,112,4.12,"05",185.1,5.2,7.6,0.3,"first order"
"California",2020-05-14,74947,3039,39557045,253.9065023,2020-03-19,2020-05-25,1729,25,4.05,"05",189.5,4.4,7.7,0.1,"first order"
"California",2020-05-15,77015,3192,39557045,253.9065023,2020-03-19,2020-05-25,2068,153,4.14,"05",194.7,5.2,8.1,0.4,"first order"
"California",2020-05-16,78933,3254,39557045,253.9065023,2020-03-19,2020-05-25,1918,62,4.12,"05",199.5,4.8,8.2,0.2,"first order"
"California",2020-05-17,80366,3290,39557045,253.9065023,2020-03-19,2020-05-25,1433,36,4.09,"05",203.2,3.6,8.3,0.1,"first order"
"California",2020-05-18,81943,3322,39557045,253.9065023,2020-03-19,2020-05-25,1577,32,4.05,"05",207.2,4,8.4,0.1,"first order"
"California",2020-05-19,83981,3422,39557045,253.9065023,2020-03-19,2020-05-25,2038,100,4.07,"05",212.3,5.2,8.7,0.3,"first order"
"California",2020-05-20,86125,3514,39557045,253.9065023,2020-03-19,2020-05-25,2144,92,4.08,"05",217.7,5.4,8.9,0.2,"first order"
"California",2020-05-21,88488,3624,39557045,253.9065023,2020-03-19,2020-05-25,2363,110,4.1,"05",223.7,6,9.2,0.3,"first order"
"California",2020-05-22,90801,3690,39557045,253.9065023,2020-03-19,2020-05-25,2313,66,4.06,"05",229.5,5.8,9.3,0.2,"first order"
"California",2020-05-23,92815,3768,39557045,253.9065023,2020-03-19,2020-05-25,2014,78,4.06,"05",234.6,5.1,9.5,0.2,"first order"
"California",2020-05-24,94743,3790,39557045,253.9065023,2020-03-19,2020-05-25,1928,22,4,"05",239.5,4.9,9.6,0.1,"first order"
"California",2020-05-25,97017,3808,39557045,253.9065023,2020-03-19,2020-05-25,2274,18,3.93,"05",245.3,5.7,9.6,0,"first order"
"California",2020-05-26,99924,3859,39557045,253.9065023,2020-03-19,2020-05-25,2907,51,3.86,"05",252.6,7.3,9.8,0.1,"loose"
"California",2020-05-27,101873,3961,39557045,253.9065023,2020-03-19,2020-05-25,1949,102,3.89,"05",257.5,4.9,10,0.3,"loose"
"California",2020-05-28,104071,4042,39557045,253.9065023,2020-03-19,2020-05-25,2198,81,3.88,"05",263.1,5.6,10.2,0.2,"loose"
"California",2020-05-29,107043,4144,39557045,253.9065023,2020-03-19,2020-05-25,2972,102,3.87,"05",270.6,7.5,10.5,0.3,"loose"
"California",2020-05-30,110100,4214,39557045,253.9065023,2020-03-19,2020-05-25,3057,70,3.83,"05",278.3,7.7,10.7,0.2,"loose"
"California",2020-05-31,113114,4242,39557045,253.9065023,2020-03-19,2020-05-25,3014,28,3.75,"05",286,7.6,10.7,0.1,"loose"
"California",2020-06-01,115643,4287,39557045,253.9065023,2020-03-19,2020-05-25,2529,45,3.71,"06",292.3,6.4,10.8,0.1,"loose"
"California",2020-06-02,118081,4360,39557045,253.9065023,2020-03-19,2020-05-25,2438,73,3.69,"06",298.5,6.2,11,0.2,"loose"
"California",2020-06-03,120407,4422,39557045,253.9065023,2020-03-19,2020-05-25,2326,62,3.67,"06",304.4,5.9,11.2,0.2,"loose"
"California",2020-06-04,122917,4484,39557045,253.9065023,2020-03-19,2020-05-25,2510,62,3.65,"06",310.7,6.3,11.3,0.2,"loose"
"California",2020-06-05,126510,4550,39557045,253.9065023,2020-03-19,2020-05-25,3593,66,3.6,"06",319.8,9.1,11.5,0.2,"loose"
"California",2020-06-06,129147,4626,39557045,253.9065023,2020-03-19,2020-05-25,2637,76,3.58,"06",326.5,6.7,11.7,0.2,"loose"
"California",2020-06-07,131997,4653,39557045,253.9065023,2020-03-19,2020-05-25,2850,27,3.53,"06",333.7,7.2,11.8,0.1,"loose"
"California",2020-06-08,134287,4679,39557045,253.9065023,2020-03-19,2020-05-25,2290,26,3.48,"06",339.5,5.8,11.8,0.1,"loose"
"California",2020-06-09,137245,4775,39557045,253.9065023,2020-03-19,2020-05-25,2958,96,3.48,"06",347,7.5,12.1,0.2,"loose"
"California",2020-06-10,140139,4869,39557045,253.9065023,2020-03-19,2020-05-25,2894,94,3.47,"06",354.3,7.3,12.3,0.2,"loose"
"California",2020-06-11,143709,4941,39557045,253.9065023,2020-03-19,2020-05-25,3570,72,3.44,"06",363.3,9,12.5,0.2,"loose"
"California",2020-06-12,147285,4986,39557045,253.9065023,2020-03-19,2020-05-25,3576,45,3.39,"06",372.3,9,12.6,0.1,"loose"
"California",2020-06-13,150434,5059,39557045,253.9065023,2020-03-19,2020-05-25,3149,73,3.36,"06",380.3,8,12.8,0.2,"loose"
"California",2020-06-14,152953,5089,39557045,253.9065023,2020-03-19,2020-05-25,2519,30,3.33,"06",386.7,6.4,12.9,0.1,"loose"
"California",2020-06-15,155662,5120,39557045,253.9065023,2020-03-19,2020-05-25,2709,31,3.29,"06",393.5,6.8,12.9,0.1,"loose"
"California",2020-06-16,159131,5202,39557045,253.9065023,2020-03-19,2020-05-25,3469,82,3.27,"06",402.3,8.8,13.2,0.2,"loose"
"California",2020-06-17,163381,5283,39557045,253.9065023,2020-03-19,2020-05-25,4250,81,3.23,"06",413,10.7,13.4,0.2,"loose"
"California",2020-06-18,167135,5359,39557045,253.9065023,2020-03-19,2020-05-25,3754,76,3.21,"06",422.5,9.5,13.5,0.2,"loose"
"California",2020-06-19,170843,5425,39557045,253.9065023,2020-03-19,2020-05-25,3708,66,3.18,"06",431.9,9.4,13.7,0.2,"loose"
"California",2020-06-20,174854,5495,39557045,253.9065023,2020-03-19,2020-05-25,4011,70,3.14,"06",442,10.1,13.9,0.2,"loose"
"California",2020-06-21,178807,5517,39557045,253.9065023,2020-03-19,2020-05-25,3953,22,3.09,"06",452,10,13.9,0.1,"loose"
"California",2020-06-22,184620,5561,39557045,253.9065023,2020-03-19,2020-05-25,5813,44,3.01,"06",466.7,14.7,14.1,0.1,"loose"
"California",2020-06-23,191039,5637,39557045,253.9065023,2020-03-19,2020-05-25,6419,76,2.95,"06",482.9,16.2,14.3,0.2,"loose"
"California",2020-06-24,195889,5728,39557045,253.9065023,2020-03-19,2020-05-25,4850,91,2.92,"06",495.2,12.3,14.5,0.2,"loose"
"California",2020-06-25,201413,5810,39557045,253.9065023,2020-03-19,2020-05-25,5524,82,2.88,"06",509.2,14,14.7,0.2,"loose"
"California",2020-06-26,207027,5872,39557045,253.9065023,2020-03-19,2020-05-25,5614,62,2.84,"06",523.4,14.2,14.8,0.2,"loose"
"California",2020-06-27,211453,5902,39557045,253.9065023,2020-03-19,2020-05-25,4426,30,2.79,"06",534.6,11.2,14.9,0.1,"loose"
"California",2020-06-28,216955,5937,39557045,253.9065023,2020-03-19,2020-05-25,5502,35,2.74,"06",548.5,13.9,15,0.1,"loose"
"California",2020-06-29,223995,5979,39557045,253.9065023,2020-03-19,2020-05-25,7040,42,2.67,"06",566.3,17.8,15.1,0.1,"loose"
"California",2020-06-30,232153,6083,39557045,253.9065023,2020-03-19,2020-05-25,8158,104,2.62,"06",586.9,20.6,15.4,0.3,"loose"
"California",2020-07-01,239764,6168,39557045,253.9065023,2020-03-19,2020-05-25,7611,85,2.57,"07",606.1,19.2,15.6,0.2,"loose"
"California",2020-07-02,248198,6263,39557045,253.9065023,2020-03-19,2020-05-25,8434,95,2.52,"07",627.4,21.3,15.8,0.2,"loose"
"California",2020-07-03,256298,6315,39557045,253.9065023,2020-03-19,2020-05-25,8100,52,2.46,"07",647.9,20.5,16,0.1,"loose"
"California",2020-07-04,265176,6329,39557045,253.9065023,2020-03-19,2020-05-25,8878,14,2.39,"07",670.4,22.4,16,0,"loose"
"California",2020-07-05,271587,6369,39557045,253.9065023,2020-03-19,2020-05-25,6411,40,2.35,"07",686.6,16.2,16.1,0.1,"loose"
"California",2020-07-06,277869,6452,39557045,253.9065023,2020-03-19,2020-05-25,6282,83,2.32,"07",702.5,15.9,16.3,0.2,"loose"
"California",2020-07-07,287766,6563,39557045,253.9065023,2020-03-19,2020-05-25,9897,111,2.28,"07",727.5,25,16.6,0.3,"loose"
"California",2020-07-08,296304,6708,39557045,253.9065023,2020-03-19,2020-05-25,8538,145,2.26,"07",749.1,21.6,17,0.4,"loose"
"California",2020-07-09,303516,6825,39557045,253.9065023,2020-03-19,2020-05-25,7212,117,2.25,"07",767.3,18.2,17.3,0.3,"loose"
"California",2020-07-10,311505,6936,39557045,253.9065023,2020-03-19,2020-05-25,7989,111,2.23,"07",787.5,20.2,17.5,0.3,"loose"
"California",2020-07-11,320030,7012,39557045,253.9065023,2020-03-19,2020-05-25,8525,76,2.19,"07",809,21.6,17.7,0.2,"loose"
"California",2020-07-12,327676,7042,39557045,253.9065023,2020-03-19,2020-05-25,7646,30,2.15,"07",828.4,19.3,17.8,0.1,"loose"
"California",2020-07-13,336206,7086,39557045,253.9065023,2020-03-19,2020-05-25,8530,44,2.11,"07",849.9,21.6,17.9,0.1,"statewide order"
"California",2020-07-14,346593,7227,39557045,253.9065023,2020-03-19,2020-05-25,10387,141,2.09,"07",876.2,26.3,18.3,0.4,"statewide order"
"California",2020-07-15,355497,7368,39557045,253.9065023,2020-03-19,2020-05-25,8904,141,2.07,"07",898.7,22.5,18.6,0.4,"statewide order"
"California",2020-07-16,364761,7490,39557045,253.9065023,2020-03-19,2020-05-25,9264,122,2.05,"07",922.1,23.4,18.9,0.3,"statewide order"
"California",2020-07-17,374922,7607,39557045,253.9065023,2020-03-19,2020-05-25,10161,117,2.03,"07",947.8,25.7,19.2,0.3,"statewide order"
"California",2020-07-18,383194,7697,39557045,253.9065023,2020-03-19,2020-05-25,8272,90,2.01,"07",968.7,20.9,19.5,0.2,"statewide order"
"California",2020-07-19,391460,7710,39557045,253.9065023,2020-03-19,2020-05-25,8266,13,1.97,"07",989.6,20.9,19.5,0,"statewide order"
"California",2020-07-20,400195,7764,39557045,253.9065023,2020-03-19,2020-05-25,8735,54,1.94,"07",1011.7,22.1,19.6,0.1,"statewide order"
"California",2020-07-21,410366,7883,39557045,253.9065023,2020-03-19,2020-05-25,10171,119,1.92,"07",1037.4,25.7,19.9,0.3,"statewide order"
"California",2020-07-22,422528,8038,39557045,253.9065023,2020-03-19,2020-05-25,12162,155,1.9,"07",1068.1,30.7,20.3,0.4,"statewide order"
"California",2020-07-23,433175,8190,39557045,253.9065023,2020-03-19,2020-05-25,10647,152,1.89,"07",1095.1,26.9,20.7,0.4,"statewide order"
"California",2020-07-24,443096,8325,39557045,253.9065023,2020-03-19,2020-05-25,9921,135,1.88,"07",1120.1,25.1,21,0.3,"statewide order"
"California",2020-07-25,453327,8428,39557045,253.9065023,2020-03-19,2020-05-25,10231,103,1.86,"07",1146,25.9,21.3,0.3,"statewide order"
"California",2020-07-26,459338,8451,39557045,253.9065023,2020-03-19,2020-05-25,6011,23,1.84,"07",1161.2,15.2,21.4,0.1,"statewide order"
"California",2020-07-27,467103,8544,39557045,253.9065023,2020-03-19,2020-05-25,7765,93,1.83,"07",1180.8,19.6,21.6,0.2,"statewide order"
"California",2020-07-28,474951,8716,39557045,253.9065023,2020-03-19,2020-05-25,7848,172,1.84,"07",1200.7,19.8,22,0.4,"statewide order"
"California",2020-07-29,486039,8884,39557045,253.9065023,2020-03-19,2020-05-25,11088,168,1.83,"07",1228.7,28,22.5,0.4,"statewide order"
"California",2020-07-30,494269,9009,39557045,253.9065023,2020-03-19,2020-05-25,8230,125,1.82,"07",1249.5,20.8,22.8,0.3,"statewide order"
"California",2020-07-31,502273,9222,39557045,253.9065023,2020-03-19,2020-05-25,8004,213,1.84,"07",1269.7,20.2,23.3,0.5,"statewide order"
"California",2020-08-01,509507,9365,39557045,253.9065023,2020-03-19,2020-05-25,7234,143,1.84,"08",1288,18.3,23.7,0.4,"statewide order"
"California",2020-08-02,515937,9399,39557045,253.9065023,2020-03-19,2020-05-25,6430,34,1.82,"08",1304.3,16.3,23.8,0.1,"statewide order"
"California",2020-08-03,522235,9500,39557045,253.9065023,2020-03-19,2020-05-25,6298,101,1.82,"08",1320.2,15.9,24,0.3,"statewide order"
"California",2020-08-04,527258,9696,39557045,253.9065023,2020-03-19,2020-05-25,5023,196,1.84,"08",1332.9,12.7,24.5,0.5,"statewide order"
"California",2020-08-05,532776,9866,39557045,253.9065023,2020-03-19,2020-05-25,5518,170,1.85,"08",1346.9,13.9,24.9,0.4,"statewide order"
"California",2020-08-06,541013,10014,39557045,253.9065023,2020-03-19,2020-05-25,8237,148,1.85,"08",1367.7,20.8,25.3,0.4,"statewide order"
"California",2020-08-07,548142,10197,39557045,253.9065023,2020-03-19,2020-05-25,7129,183,1.86,"08",1385.7,18,25.8,0.5,"statewide order"
"California",2020-08-08,556158,10299,39557045,253.9065023,2020-03-19,2020-05-25,8016,102,1.85,"08",1406,20.3,26,0.3,"statewide order"
"California",2020-08-09,563244,10365,39557045,253.9065023,2020-03-19,2020-05-25,7086,66,1.84,"08",1423.9,17.9,26.2,0.2,"statewide order"
"California",2020-08-10,574267,10460,39557045,253.9065023,2020-03-19,2020-05-25,11023,95,1.82,"08",1451.7,27.9,26.4,0.2,"statewide order"
"California",2020-08-11,586078,10654,39557045,253.9065023,2020-03-19,2020-05-25,11811,194,1.82,"08",1481.6,29.9,26.9,0.5,"statewide order"
"California",2020-08-12,595097,10808,39557045,253.9065023,2020-03-19,2020-05-25,9019,154,1.82,"08",1504.4,22.8,27.3,0.4,"statewide order"
"California",2020-08-13,603212,10995,39557045,253.9065023,2020-03-19,2020-05-25,8115,187,1.82,"08",1524.9,20.5,27.8,0.5,"statewide order"
"California",2020-08-14,613243,11146,39557045,253.9065023,2020-03-19,2020-05-25,10031,151,1.82,"08",1550.3,25.4,28.2,0.4,"statewide order"
"California",2020-08-15,621981,11229,39557045,253.9065023,2020-03-19,2020-05-25,8738,83,1.81,"08",1572.4,22.1,28.4,0.2,"statewide order"
"California",2020-08-16,628508,11245,39557045,253.9065023,2020-03-19,2020-05-25,6527,16,1.79,"08",1588.9,16.5,28.4,0,"statewide order"
"California",2020-08-17,634991,11334,39557045,253.9065023,2020-03-19,2020-05-25,6483,89,1.78,"08",1605.3,16.4,28.7,0.2,"statewide order"
"California",2020-08-18,640499,11523,39557045,253.9065023,2020-03-19,2020-05-25,5508,189,1.8,"08",1619.2,13.9,29.1,0.5,"statewide order"
"California",2020-08-19,646742,11686,39557045,253.9065023,2020-03-19,2020-05-25,6243,163,1.81,"08",1635,15.8,29.5,0.4,"statewide order"
"California",2020-08-20,653401,11801,39557045,253.9065023,2020-03-19,2020-05-25,6659,115,1.81,"08",1651.8,16.8,29.8,0.3,"statewide order"
"California",2020-08-21,659991,11984,39557045,253.9065023,2020-03-19,2020-05-25,6590,183,1.82,"08",1668.5,16.7,30.3,0.5,"statewide order"
"California",2020-08-22,665325,12137,39557045,253.9065023,2020-03-19,2020-05-25,5334,153,1.82,"08",1681.9,13.5,30.7,0.4,"statewide order"
"California",2020-08-23,669944,12152,39557045,253.9065023,2020-03-19,2020-05-25,4619,15,1.81,"08",1693.6,11.7,30.7,0,"statewide order"
"California",2020-08-24,676236,12250,39557045,253.9065023,2020-03-19,2020-05-25,6292,98,1.81,"08",1709.5,15.9,31,0.2,"statewide order"
"California",2020-08-25,682320,12409,39557045,253.9065023,2020-03-19,2020-05-25,6084,159,1.82,"08",1724.9,15.4,31.4,0.4,"statewide order"
"California",2020-08-26,687612,12547,39557045,253.9065023,2020-03-19,2020-05-25,5292,138,1.82,"08",1738.3,13.4,31.7,0.3,"statewide order"
"California",2020-08-27,692962,12696,39557045,253.9065023,2020-03-19,2020-05-25,5350,149,1.83,"08",1751.8,13.5,32.1,0.4,"statewide order"
"California",2020-08-28,698389,12836,39557045,253.9065023,2020-03-19,2020-05-25,5427,140,1.84,"08",1765.5,13.7,32.4,0.4,"statewide order"
"California",2020-08-29,702499,12906,39557045,253.9065023,2020-03-19,2020-05-25,4110,70,1.84,"08",1775.9,10.4,32.6,0.2,"statewide order"
"California",2020-08-30,706589,12939,39557045,253.9065023,2020-03-19,2020-05-25,4090,33,1.83,"08",1786.3,10.3,32.7,0.1,"statewide order"
"California",2020-08-31,712541,13020,39557045,253.9065023,2020-03-19,2020-05-25,5952,81,1.83,"08",1801.3,15,32.9,0.2,"statewide order"
"California",2020-09-01,716628,13149,39557045,253.9065023,2020-03-19,2020-05-25,4087,129,1.83,"09",1811.6,10.3,33.2,0.3,"statewide order"
"California",2020-09-02,722035,13330,39557045,253.9065023,2020-03-19,2020-05-25,5407,181,1.85,"09",1825.3,13.7,33.7,0.5,"statewide order"
"California",2020-09-03,727398,13497,39557045,253.9065023,2020-03-19,2020-05-25,5363,167,1.86,"09",1838.9,13.6,34.1,0.4,"statewide order"
"California",2020-09-04,732691,13644,39557045,253.9065023,2020-03-19,2020-05-25,5293,147,1.86,"09",1852.2,13.4,34.5,0.4,"statewide order"
"California",2020-09-05,737073,13708,39557045,253.9065023,2020-03-19,2020-05-25,4382,64,1.86,"09",1863.3,11.1,34.7,0.2,"statewide order"
"California",2020-09-06,740233,13730,39557045,253.9065023,2020-03-19,2020-05-25,3160,22,1.85,"09",1871.3,8,34.7,0.1,"statewide order"
"California",2020-09-07,742689,13763,39557045,253.9065023,2020-03-19,2020-05-25,2456,33,1.85,"09",1877.5,6.2,34.8,0.1,"statewide order"
"California",2020-09-08,746113,13843,39557045,253.9065023,2020-03-19,2020-05-25,3424,80,1.86,"09",1886.2,8.7,35,0.2,"statewide order"
"California",2020-09-09,749196,13990,39557045,253.9065023,2020-03-19,2020-05-25,3083,147,1.87,"09",1894,7.8,35.4,0.4,"statewide order"
"California",2020-09-10,753017,14094,39557045,253.9065023,2020-03-19,2020-05-25,3821,104,1.87,"09",1903.6,9.7,35.6,0.3,"statewide order"
"California",2020-09-11,757125,14265,39557045,253.9065023,2020-03-19,2020-05-25,4108,171,1.88,"09",1914,10.4,36.1,0.4,"statewide order"
"California",2020-09-12,760581,14333,39557045,253.9065023,2020-03-19,2020-05-25,3456,68,1.88,"09",1922.7,8.7,36.2,0.2,"statewide order"
"California",2020-09-13,763389,14386,39557045,253.9065023,2020-03-19,2020-05-25,2808,53,1.88,"09",1929.8,7.1,36.4,0.1,"statewide order"
"California",2020-09-14,767062,14458,39557045,253.9065023,2020-03-19,2020-05-25,3673,72,1.88,"09",1939.1,9.3,36.5,0.2,"statewide order"
"California",2020-09-15,769917,14606,39557045,253.9065023,2020-03-19,2020-05-25,2855,148,1.9,"09",1946.3,7.2,36.9,0.4,"statewide order"
"California",2020-09-16,773318,14716,39557045,253.9065023,2020-03-19,2020-05-25,3401,110,1.9,"09",1954.9,8.6,37.2,0.3,"statewide order"
"California",2020-09-17,776944,14807,39557045,253.9065023,2020-03-19,2020-05-25,3626,91,1.91,"09",1964.1,9.2,37.4,0.2,"statewide order"
"California",2020-09-18,781436,14912,39557045,253.9065023,2020-03-19,2020-05-25,4492,105,1.91,"09",1975.5,11.4,37.7,0.3,"statewide order"
"California",2020-09-19,785076,15023,39557045,253.9065023,2020-03-19,2020-05-25,3640,111,1.91,"09",1984.7,9.2,38,0.3,"statewide order"
"California",2020-09-20,788077,15018,39557045,253.9065023,2020-03-19,2020-05-25,3001,0,1.91,"09",1992.3,7.6,38,0,"statewide order"
"California",2020-09-21,792217,15069,39557045,253.9065023,2020-03-19,2020-05-25,4140,51,1.9,"09",2002.7,10.5,38.1,0.1,"statewide order"
"California",2020-09-22,795077,15209,39557045,253.9065023,2020-03-19,2020-05-25,2860,140,1.91,"09",2010,7.2,38.4,0.4,"statewide order"
"California",2020-09-23,798350,15313,39557045,253.9065023,2020-03-19,2020-05-25,3273,104,1.92,"09",2018.2,8.3,38.7,0.3,"loose"
"California",2020-09-24,801671,15389,39557045,253.9065023,2020-03-19,2020-05-25,3321,76,1.92,"09",2026.6,8.4,38.9,0.2,"loose"
"California",2020-09-25,805733,15533,39557045,253.9065023,2020-03-19,2020-05-25,4062,144,1.93,"09",2036.9,10.3,39.3,0.4,"loose"
"California",2020-09-26,809214,15588,39557045,253.9065023,2020-03-19,2020-05-25,3481,55,1.93,"09",2045.7,8.8,39.4,0.1,"loose"
"California",2020-09-27,811698,15608,39557045,253.9065023,2020-03-19,2020-05-25,2484,20,1.92,"09",2052,6.3,39.5,0.1,"loose"
"California",2020-09-28,814796,15641,39557045,253.9065023,2020-03-19,2020-05-25,3098,33,1.92,"09",2059.8,7.8,39.5,0.1,"loose"
"California",2020-09-29,817939,15791,39557045,253.9065023,2020-03-19,2020-05-25,3143,150,1.93,"09",2067.7,7.9,39.9,0.4,"loose"
"California",2020-09-30,821125,15898,39557045,253.9065023,2020-03-19,2020-05-25,3186,107,1.94,"09",2075.8,8.1,40.2,0.3,"loose"
"California",2020-10-01,824306,15989,39557045,253.9065023,2020-03-19,2020-05-25,3181,91,1.94,"10",2083.8,8,40.4,0.2,"loose"
"California",2020-10-02,828364,16074,39557045,253.9065023,2020-03-19,2020-05-25,4058,85,1.94,"10",2094.1,10.3,40.6,0.2,"loose"
"California",2020-10-03,831494,16122,39557045,253.9065023,2020-03-19,2020-05-25,3130,48,1.94,"10",2102,7.9,40.8,0.1,"loose"
"California",2020-10-04,834635,16150,39557045,253.9065023,2020-03-19,2020-05-25,3141,28,1.93,"10",2110,7.9,40.8,0.1,"loose"
"California",2020-10-05,837720,16179,39557045,253.9065023,2020-03-19,2020-05-25,3085,29,1.93,"10",2117.8,7.8,40.9,0.1,"loose"
"California",2020-10-06,840322,16251,39557045,253.9065023,2020-03-19,2020-05-25,2602,72,1.93,"10",2124.3,6.6,41.1,0.2,"loose"
"California",2020-10-07,843732,16358,39557045,253.9065023,2020-03-19,2020-05-25,3410,107,1.94,"10",2133,8.6,41.4,0.3,"loose"
"California",2020-10-08,847384,16425,39557045,253.9065023,2020-03-19,2020-05-25,3652,67,1.94,"10",2142.2,9.2,41.5,0.2,"loose"
"California",2020-10-09,851228,16502,39557045,253.9065023,2020-03-19,2020-05-25,3844,77,1.94,"10",2151.9,9.7,41.7,0.2,"loose"
"California",2020-10-10,854302,16568,39557045,253.9065023,2020-03-19,2020-05-25,3074,66,1.94,"10",2159.7,7.8,41.9,0.2,"loose"
"California",2020-10-11,857076,16581,39557045,253.9065023,2020-03-19,2020-05-25,2774,13,1.93,"10",2166.7,7,41.9,0,"loose"
"California",2020-10-12,859959,16594,39557045,253.9065023,2020-03-19,2020-05-25,2883,13,1.93,"10",2174,7.3,41.9,0,"loose"
"California",2020-10-13,863614,16650,39557045,253.9065023,2020-03-19,2020-05-25,3655,56,1.93,"10",2183.2,9.2,42.1,0.1,"loose"
"California",2020-10-14,867094,16752,39557045,253.9065023,2020-03-19,2020-05-25,3480,102,1.93,"10",2192,8.8,42.3,0.3,"loose"
"California",2020-10-15,870380,16839,39557045,253.9065023,2020-03-19,2020-05-25,3286,87,1.93,"10",2200.3,8.3,42.6,0.2,"loose"
"California",2020-10-16,874101,16901,39557045,253.9065023,2020-03-19,2020-05-25,3721,62,1.93,"10",2209.7,9.4,42.7,0.2,"loose"
"California",2020-10-17,876257,16940,39557045,253.9065023,2020-03-19,2020-05-25,2156,39,1.93,"10",2215.2,5.5,42.8,0.1,"loose"
"California",2020-10-18,878394,16979,39557045,253.9065023,2020-03-19,2020-05-25,2137,39,1.93,"10",2220.6,5.4,42.9,0.1,"loose"
"California",2020-10-19,882665,16987,39557045,253.9065023,2020-03-19,2020-05-25,4271,8,1.92,"10",2231.4,10.8,42.9,0,"loose"
"California",2020-10-20,887093,17067,39557045,253.9065023,2020-03-19,2020-05-25,4428,80,1.92,"10",2242.6,11.2,43.1,0.2,"loose"
"California",2020-10-21,890153,17189,39557045,253.9065023,2020-03-19,2020-05-25,3060,122,1.93,"10",2250.3,7.7,43.5,0.3,"loose"
"California",2020-10-22,896424,17266,39557045,253.9065023,2020-03-19,2020-05-25,6271,77,1.93,"10",2266.2,15.9,43.6,0.2,"loose"
"California",2020-10-23,902325,17316,39557045,253.9065023,2020-03-19,2020-05-25,5901,50,1.92,"10",2281.1,14.9,43.8,0.1,"loose"
"California",2020-10-24,906644,17345,39557045,253.9065023,2020-03-19,2020-05-25,4319,29,1.91,"10",2292,10.9,43.8,0.1,"loose"
"California",2020-10-25,909344,17358,39557045,253.9065023,2020-03-19,2020-05-25,2700,13,1.91,"10",2298.8,6.8,43.9,0,"loose"
"California",2020-10-26,913699,17398,39557045,253.9065023,2020-03-19,2020-05-25,4355,40,1.9,"10",2309.8,11,44,0.1,"loose"
"California",2020-10-27,918627,17478,39557045,253.9065023,2020-03-19,2020-05-25,4928,80,1.9,"10",2322.3,12.5,44.2,0.2,"loose"
"California",2020-10-28,922680,17541,39557045,253.9065023,2020-03-19,2020-05-25,4053,63,1.9,"10",2332.5,10.2,44.3,0.2,"loose"
"California",2020-10-29,926893,17567,39557045,253.9065023,2020-03-19,2020-05-25,4213,26,1.9,"10",2343.2,10.7,44.4,0.1,"loose"
"California",2020-10-30,931826,17627,39557045,253.9065023,2020-03-19,2020-05-25,4933,60,1.89,"10",2355.7,12.5,44.6,0.2,"loose"
"California",2020-10-31,935248,17661,39557045,253.9065023,2020-03-19,2020-05-25,3422,34,1.89,"10",2364.3,8.7,44.6,0.1,"loose"
"California",2020-11-01,938883,17671,39557045,253.9065023,2020-03-19,2020-05-25,3635,10,1.88,"11",2373.5,9.2,44.7,0,"loose"
"California",2020-11-02,944141,17700,39557045,253.9065023,2020-03-19,2020-05-25,5258,29,1.87,"11",2386.8,13.3,44.7,0.1,"loose"
"California",2020-11-03,949383,17751,39557045,253.9065023,2020-03-19,2020-05-25,5242,51,1.87,"11",2400,13.3,44.9,0.1,"loose"
"California",2020-11-04,954624,17818,39557045,253.9065023,2020-03-19,2020-05-25,5241,67,1.87,"11",2413.3,13.2,45,0.2,"loose"
"California",2020-11-05,960884,17866,39557045,253.9065023,2020-03-19,2020-05-25,6260,48,1.86,"11",2429.1,15.8,45.2,0.1,"loose"
"California",2020-11-06,967597,17939,39557045,253.9065023,2020-03-19,2020-05-25,6713,73,1.85,"11",2446.1,17,45.3,0.2,"loose"
"California",2020-11-07,972801,17964,39557045,253.9065023,2020-03-19,2020-05-25,5204,25,1.85,"11",2459.2,13.2,45.4,0.1,"loose"
"California",2020-11-08,978844,17975,39557045,253.9065023,2020-03-19,2020-05-25,6043,11,1.84,"11",2474.5,15.3,45.4,0,"loose"
"California",2020-11-09,985598,18035,39557045,253.9065023,2020-03-19,2020-05-25,6754,60,1.83,"11",2491.6,17.1,45.6,0.2,"loose"
"California",2020-11-10,994341,18073,39557045,253.9065023,2020-03-19,2020-05-25,8743,38,1.82,"11",2513.7,22.1,45.7,0.1,"loose"
"California",2020-11-11,999498,18109,39557045,253.9065023,2020-03-19,2020-05-25,5157,36,1.81,"11",2526.7,13,45.8,0.1,"loose"
"California",2020-11-12,1009187,18141,39557045,253.9065023,2020-03-19,2020-05-25,9689,32,1.8,"11",2551.2,24.5,45.9,0.1,"loose"
"California",2020-11-13,1019052,18218,39557045,253.9065023,2020-03-19,2020-05-25,9865,77,1.79,"11",2576.2,24.9,46.1,0.2,"loose"
"California",2020-11-14,1027016,18254,39557045,253.9065023,2020-03-19,2020-05-25,7964,36,1.78,"11",2596.3,20.1,46.1,0.1,"loose"
"California",2020-11-15,1035981,18265,39557045,253.9065023,2020-03-19,2020-05-25,8965,11,1.76,"11",2619,22.7,46.2,0,"loose"
"California",2020-11-16,1047360,18304,39557045,253.9065023,2020-03-19,2020-05-25,11379,39,1.75,"11",2647.7,28.8,46.3,0.1,"loose"
"California",2020-11-17,1058096,18360,39557045,253.9065023,2020-03-19,2020-05-25,10736,56,1.74,"11",2674.9,27.1,46.4,0.1,"loose"
"California",2020-11-18,1069517,18467,39557045,253.9065023,2020-03-19,2020-05-25,11421,107,1.73,"11",2703.7,28.9,46.7,0.3,"loose"
"California",2020-11-19,1082674,18555,39557045,253.9065023,2020-03-19,2020-05-25,13157,88,1.71,"11",2737,33.3,46.9,0.2,"loose"
"California",2020-11-20,1096401,18649,39557045,253.9065023,2020-03-19,2020-05-25,13727,94,1.7,"11",2771.7,34.7,47.1,0.2,"loose"
"California",2020-11-21,1109844,18709,39557045,253.9065023,2020-03-19,2020-05-25,13443,60,1.69,"11",2805.7,34,47.3,0.2,"limited lockdown"
"California",2020-11-22,1118652,18726,39557045,253.9065023,2020-03-19,2020-05-25,8808,17,1.67,"11",2827.9,22.3,47.3,0,"limited lockdown"
"California",2020-11-23,1136346,18768,39557045,253.9065023,2020-03-19,2020-05-25,17694,42,1.65,"11",2872.7,44.7,47.4,0.1,"limited lockdown"
"California",2020-11-24,1153005,18875,39557045,253.9065023,2020-03-19,2020-05-25,16659,107,1.64,"11",2914.8,42.1,47.7,0.3,"limited lockdown"
